patient_id,bowel_healthy,bowel_injury,extravasation_healthy,extravasation_injury,kidney_healthy,kidney_low,kidney_high,liver_healthy,liver_low,liver_high,spleen_healthy,spleen_low,spleen_high
48843,0.40062475204467773,0.5993752479553223,0.22364592552185059,0.7763540744781494,0.915177583694458,0.1581118404865265,0.13074801862239838,0.8289928436279297,0.23013931512832642,0.15492647886276245,0.6655160188674927,0.21227756142616272,0.2929006814956665
50046,0.3780466318130493,0.6219533681869507,0.2799428701400757,0.7200571298599243,0.812729001045227,0.1581118404865265,0.13626885414123535,0.6463936567306519,0.24625560641288757,0.1630062758922577,0.5986967086791992,0.23405992984771729,0.29851973056793213
63706,0.34608811140060425,0.6539118885993958,0.21036803722381592,0.7896319627761841,0.915177583694458,0.07496761530637741,0.11230342835187912,0.8289928436279297,0.23245438933372498,0.13489307463169098,0.6655160188674927,0.20801645517349243,0.22211289405822754
