patient_id,bowel_healthy,bowel_injury,extravasation_healthy,extravasation_injury,kidney_healthy,kidney_low,kidney_high,liver_healthy,liver_low,liver_high,spleen_healthy,spleen_low,spleen_high
48843,0.3984469175338745,0.6015530824661255,0.2899133563041687,0.7100866436958313,0.6689726710319519,0.15396519005298615,0.17706219851970673,0.6243603825569153,0.2006772756576538,0.1749623715877533,0.5341225862503052,0.2120165079832077,0.2538608908653259
50046,0.380342960357666,0.619657039642334,0.14029240608215332,0.8597075939178467,0.9213778376579285,0.03363103047013283,0.04499110206961632,0.8934395909309387,0.0609227754175663,0.04563760384917259,0.7297343015670776,0.13174748420715332,0.13851824402809143
63706,0.452494740486145,0.547505259513855,0.4114135503768921,0.5885864496231079,0.638203501701355,0.20297257602214813,0.1588239073753357,0.7654004096984863,0.15320415794849396,0.08139549940824509,0.5814469456672668,0.18723070621490479,0.23132234811782837
